OrganizationName,Organization_ID,MDMID,User_ID,LoginID,LastName,FirstName,DRSystemRole
WNPE-FM,78290,10020387,775845,ann@email-blackhole.com,Alquist,Ann,customer
WOWO-AM / WOWO-FM,79123,10020126,946045,tthompson@email-blackhole.com,Thompson,Tracy,customer
ESPN INC. 4/1 (On-Air),43746,10024189,527315,alvaro.g.riet@email-blackhole.com,Riet,Alvaro,customer
KWKT-TV / KYLE-TV (Nexstar GBank Plus Pool),114463,10114397,789558,dwetherbee@email-blackhole.com,Wetherbee,Dean,customer
Fadaat Media W.L.L.,92991,10104912,920374,baydin@email-blackhole.com,Aydin,Burak,customer
software Testing,786ap,10003250,Auto7090,sohaib.naseer@visionetsystems.com,engineer11,automation01,customer
OWENSBORO MESSENGER-INQUIRER (Paxton),46192,10003229,310528,landrews@email-blackhole.com,Andrews,Luke,customer
C7 Galerie Productions Inc.,122402,10129671,232527,echisholm@email-blackhole.com,Chisholm,Erin,customer
Honolulu Star-Advertiser,46547,10002980,627294,creilly@email-blackhole.com,Reilly,Clarke,customer
Bloomberg Television Enterprise Agreement,111840,10013874,849195,gatkinson10@email-blackhole.com,Atkinson,Gem,customer
NFL Corporate,62563,10039387,851153,tom.self@email-blackhole.com,Self,Tom,customer
OGGI,48412,10007015,235385,luca.volpi@email-blackhole.com,volpi,luca,customer
Sportal.bg LTD (SNTV),111464,10101080,740906,nikola.katsarov@email-blackhole.com,Katsarov,Nikola,customer
eCommerce USD 3 (Japan / Australia),122921,10090200,956498,operator@email-blackhole.com,Hall,Naomi,customer
Concorde,114446,10119376,,saintpat_1998@yahoo.com,Devine,Patrick,customer
Concorde,118312,10000728,,pfdmail@gmail.com,Devine,Patrick,author
Concorde,43746,10024189,,patrick.devine@outlook.com,Devine,Patrick,customer_support
,,,,pfdmail_999@email-blackhole.com,Devine_999,Patrick,customer
,,,,pfdmail_998@email-blackhole.com,Devine_998,Patrick,customer
,,,,pfdmail_997@email-blackhole.com,Devine_997,Patrick,customer
Testing Automation User,15644,10024190,956498,sohaib.naseer@visionetsystems.com,Sohaib,Naseer,customer
Testing Automation User,15644,10024190,956498,Customer123@mailinator.com,,,customer
Testing Automation User,15644,10024190,956498,sohaib@mailinator.com,,,customer
Testing Automation User,15644,10024190,956498,akhan@ap.org,Atta ,Rehman,customer
Testing Automation User,15644,10024190,956498,attaullah.khan@visionet.com,Atta ,Rehman,customer
